{
  "brand": {
    "id": "centraal-portaal",
    "name": "Centraal Portaal",
    "company": "CyNiT",
    "copyright": "Copyright CyNiT 2024-2026",
    "version": "0.1.0"
  },
  "ui": {
    "window_title": "{brand.name}",
    "header_title": "{brand.name}",
    "tray_title": "{brand.name}",
    "footer_text": "{brand.copyright}",
    "show_version_in_ui": false
  },
  "assets": {
    "logo": "assets/logos/logo.png",
    "favicon": "assets/icons/favicon.ico",
    "tray_icon": "assets/icons/tray.png"
  },
  "cert": {
    "common_name": "localhost",
    "alt_names": ["localhost", "127.0.0.1", "::1"],
    "cert_file": "centraal-portaal.localhost.crt",
    "key_file": "centraal-portaal.localhost.key"
  }
}
