{
  "tools": [
    {
      "id": "certviewer",
      "name": "Certificate / CSR Viewer",
      "type": "web",
      "script": "cert_viewer.py",
      "web_path": "/cert",
      "icon_web": "📜",
      "description": "Decode X.509 certificaten en CSRs, bekijk subject/issuer/properties en exporteer naar JSON, CSV, XLSX, HTML, MD."
    },
    {
      "id": "exports",
      "name": "Opgeslagen exports",
      "type": "web",
      "web_path": "/exports",
      "script": "cert_viewer.py",
      "icon_web": "📂",
      "description": "Bekijk alle opgeslagen Markdown exports."
    },
    {
      "id": "icoconverter",
      "name": "Image → ICO Converter",
      "type": "web",
      "web_path": "/ico",
      "script": "convert_to_ico.py",
      "icon_web": "🖼️",
      "description": "Converteer afbeeldingen (PNG/JPG/GIF) naar .ico met CyNiT look & feel."
    },
    {
      "id": "voica1",
      "name": "VOICA1 Certificaten aanmaken",
      "type": "web",
      "web_path": "/voica1",
      "script": "voica1.py",
      "icon_web": "📱",
      "description": "Batch CSR + certificaatverwerking voor VOICA1 phones en PCs/VMs."
    },
    {
      "id": "configeditor",
      "name": "Config & Theme Editor",
      "type": "web",
      "web_path": "/config-editor",
      "script": "config_editor.py",
      "icon_web": "⚙️",
      "description": "Bewerk settings.json, VOICA1-config en templates centraal via CyNiT Tools."
    },
    {
      "id": "exebuilder",
      "name": "EXE & Installer Builder",
      "type": "web",
      "web_path": "/exe-builder",
      "script": "exe_builder.py",
      "icon_web": "🧱",
      "always_visible": true,
      "description": "Bouw een PyInstaller EXE + Inno Setup installer en optionele ZIP-bundel voor CyNiT Tools."
    },
    {
      "id": "useful_links",
      "name": "Nuttige links",
      "type": "web",
      "web_path": "/links",
      "script": "useful_links.py",
      "icon_web": "🔗",
      "description": "Centrale verzamelplaats van handige URL's (documentatie, dashboards, portalen, ...)."
    }
  ]
}